Unrealized Gain Loss,,,,,,,,,,,,,,,,,,,
,,,,,,,,,,,,,,,,,,,
,,,,,,,,,,,,,,,,,,,
Quote Type: Delayed Quotes on Prior Day Transactions,,,,,,,,,,,,,,,,,,,
Cash Included: Yes,,,,,,,,,,,,,,,,,,,
View type: Ungrouped View,,,,,,,,,,,,,,,,,,,
All values in USD,,,,,,,,,,,,,,,,,,,
"As Of: Aug 14, 2026 4:13 PM EDT",,,,,,,,,,,,,,,,,,,
,,,,,,,,,,,,,,,,,,,
Security Description,Security Identifier,Quantity,Projected Annual Income,Current Yield,Gain/Loss,Gain/Loss %,Trade Date,Unit Cost,Last Price,Market Value,Tax,Current Total Cost,Security Type,% of Portfolio,Symbol,Original Quantity,Original Total Cost,Original Adjusted Cost,Interest
TEXAS INSTRS INC COM,TXN,"2,500.0000","14,200.00",2.73,"415,000.00","395.24","Aug 6, 1991",42.0000,208.00,"520,000.00",0.00,"105,000.00",Common Stocks,21.85,TXN,"2,500.0000","105,000.00",0.00,0.00
EXXON MOBIL CORP COM,XOM,"800.0000","3,040.00",3.17,"46,800.00","95.12","Mar 14, 2016",61.5000,120.00,"96,000.00",0.00,"49,200.00",Common Stocks,4.03,XOM,"800.0000","49,200.00",0.00,0.00
PFIZER INC COM,PFE,"3,000.0000","5,040.00",6.46,"-34,020.00","-30.37","Sep 22, 2021",37.3400,26.00,"78,000.00",0.00,"112,020.00",Common Stocks,3.28,PFE,"3,000.0000","112,020.00",0.00,0.00
INTEL CORP COM,INTC,"4,000.0000","0.00",0.00,"-57,000.00","-47.11","Feb 2, 2021",30.2500,16.00,"64,000.00",0.00,"121,000.00",Common Stocks,2.69,INTC,"4,000.0000","121,000.00",0.00,0.00
COCA COLA CO COM,KO,"1,375.0000","2,667.50",3.03,"34,100.00","63.26","Jun 18, 2013",39.2000,64.00,"88,000.00",0.00,"53,900.00",Common Stocks,3.70,KO,"1,375.0000","53,900.00",0.00,0.00
VANGUARD TOTAL STOCK MKT ETF,VTI,"1,000.0000","4,030.00",1.30,"132,000.00","74.16","Jan 9, 2019",178.0000,310.00,"310,000.00",0.00,"178,000.00",Exchange Traded Funds,13.03,VTI,"1,000.0000","178,000.00",0.00,0.00
VANGUARD TOTAL INTL STOCK ETF,VXUS,"2,500.0000","4,785.00",3.30,"-28,000.00","-16.18","Nov 5, 2021",69.2000,58.00,"145,000.00",0.00,"173,000.00",Exchange Traded Funds,6.09,VXUS,"2,500.0000","173,000.00",0.00,0.00
VANGUARD TOTAL BOND MARKET ETF,BND,"5,000.0000","14,472.00",3.60,"-21,000.00","-4.96","Mar 2, 2022",84.6000,80.40,"402,000.00",0.00,"423,000.00",Corporate Bonds,16.89,BND,"5,000.0000","423,000.00",0.00,0.00
ISHARES NATIONAL MUNI BOND ETF,MUB,"1,800.0000","5,220.00",2.90,"-11,700.00","-6.10","Jul 19, 2021",106.5000,100.00,"180,000.00",0.00,"191,700.00",Corporate Bonds,7.56,MUB,"1,800.0000","191,700.00",0.00,0.00
AIGI FUND,MMFAIGI,"497,000.0000","21,371.00",4.30,0.00,0.00,,1.0000,1.00,"497,000.00",0.00,"497,000.00",Money Market Funds,20.88,,"497,000.0000","497,000.00",0.00,0.00
